USE coop_app;

INSERT INTO `Employer` (`Name`, `Contact_Info`, `Industry`, `Profile_Status`) VALUES
('TechNova Solutions', 'contact@technova.com', 'Information Technology', 1),
('GreenLeaf Industries', 'info@greenleaf.com', 'Agriculture', 1),
('Apex Financial', 'support@apexfinancial.com', 'Finance', 1),
('HealthFirst Medical', 'hello@healthfirst.com', 'Healthcare', 1),
('BrightFuture Education', 'admissions@brightfuture.edu', 'Education', 0),
('EcoWave Energy', 'contact@ecowaveenergy.com', 'Energy', 1),
('UrbanStyle Retail', 'sales@urbanstyle.com', 'Retail', 1),
('SkyHigh Aviation', 'info@skyhighaviation.com', 'Aerospace', 1),
('MediCore Pharmaceuticals', 'support@medicorepharma.com', 'Pharmaceuticals', 1),
('QuantumSoft', 'hello@quantumsoft.com', 'Software', 1),
('SilverStone Manufacturing', 'contact@silverstone.com', 'Manufacturing', 1),
('NextGen Logistics', 'info@nextgenlogistics.com', 'Logistics', 1),
('BlueWave Communications', 'support@bluewavecomm.com', 'Telecommunications', 1),
('PrimeBuild Construction', 'hello@primebuild.com', 'Construction', 1),
('FusionArts Media', 'contact@fusionartsmedia.com', 'Media', 0),
('GlobalReach Consulting', 'info@globalreach.com', 'Consulting', 1),
('BrightPath Transportation', 'support@brightpathtrans.com', 'Transportation', 1),
('AlphaGuard Security', 'hello@alphaguard.com', 'Security', 1),
('Sunrise Hospitality', 'contact@sunrisehospitality.com', 'Hospitality', 1),
('Vertex Electronics', 'info@vertexelectronics.com', 'Electronics', 1),
('NovaHealth Systems', 'support@novahealth.com', 'Healthcare', 1),
('Pinnacle Real Estate', 'hello@pinnaclere.com', 'Real Estate', 1),
('CyberSphere Technologies', 'contact@cybersphere.com', 'Cybersecurity', 1),
('BrightSky Airlines', 'info@brightskyair.com', 'Aviation', 1),
('Harmony Foods', 'support@harmonyfoods.com', 'Food & Beverage', 1),
('Infinity Designs', 'hello@infinitydesigns.com', 'Design', 1),
('Solaris Energy', 'contact@solarisenergy.com', 'Energy', 1),
('TerraFirma Construction', 'info@terrafirmaconst.com', 'Construction', 1),
('EcoSmart Homes', 'support@ecosmarthomes.com', 'Real Estate', 1),
('DataStream Analytics', 'hello@datastream.com', 'Data Analytics', 1),
('BluePeak Financial', 'contact@bluepeakfin.com', 'Finance', 1),
('PrimeHealth Clinics', 'info@primehealthclinics.com', 'Healthcare', 1),
('UrbanEdge Marketing', 'support@urbanedgemarketing.com', 'Marketing', 1),
('NextWave Technologies', 'hello@nextwavetech.com', 'Technology', 1),
('BrightLine Transport', 'contact@brightlinetransport.com', 'Transportation', 1),
('AlphaTech Solutions', 'info@alphatechsol.com', 'Information Technology', 1),
('GreenPath Environmental', 'support@greenpathenv.com', 'Environmental', 1),
('Skyline Ventures', 'hello@skylineventures.com', 'Investment', 1),
('FusionCore Systems', 'contact@fusioncoresys.com', 'Systems Integration', 1),
('MediLife Services', 'info@medilifeservices.com', 'Healthcare', 1);


INSERT INTO `Job_Position` (`Employer_ID`, `Title`, `Requirement`, `Description`) VALUES
(1, 'Software Engineer', 'Bachelor\'s degree in Computer Science or related field. Proficiency in Java, Python, or C++. Experience with Agile methodologies.', 'Develop and maintain software applications, collaborate with cross-functional teams, and contribute to all phases of the development lifecycle.'),
(2, 'Agricultural Manager', 'Bachelor\'s degree in Agriculture or related field. 5+ years of experience in farm management. Strong leadership and organizational skills.', 'Oversee daily farm operations, manage staff, ensure crop quality and yield, and implement sustainable farming practices.'),
(3, 'Financial Analyst', 'Bachelor\'s degree in Finance, Economics, or related field. Strong analytical and quantitative skills. Proficiency in Excel and financial modeling.', 'Analyze financial data, prepare reports, assess investment opportunities, and provide recommendations to improve financial performance.'),
(4, 'Registered Nurse', 'Associate\'s or Bachelor\'s degree in Nursing. Current RN license. Excellent patient care and communication skills.', 'Provide patient care, administer medications, collaborate with healthcare teams, and maintain patient records.'),
(5, 'Admissions Counselor', 'Bachelor\'s degree in Education or related field. Strong interpersonal and communication skills. Experience in academic counseling preferred.', 'Assist prospective students with admissions processes, provide information about programs, and support recruitment efforts.'),
(6, 'Renewable Energy Engineer', 'Bachelor\'s degree in Electrical or Mechanical Engineering. Experience with renewable energy systems. Strong problem-solving skills.', 'Design, develop, and implement renewable energy solutions, conduct feasibility studies, and ensure system efficiency and sustainability.'),
(7, 'Retail Store Manager', 'High school diploma or equivalent. 3+ years of retail management experience. Strong leadership and customer service skills.', 'Manage store operations, oversee staff, ensure customer satisfaction, and achieve sales targets.'),
(8, 'Aerospace Technician', 'Associate\'s degree in Aerospace Engineering or related field. Experience with aircraft systems. Detail-oriented and safety-conscious.', 'Maintain and repair aerospace equipment, conduct inspections, and ensure compliance with safety standards.'),
(9, 'Pharmaceutical Sales Representative', 'Bachelor\'s degree in Life Sciences or related field. Strong sales and communication skills. Knowledge of pharmaceutical products.', 'Promote and sell pharmaceutical products to healthcare professionals, build relationships, and achieve sales goals.'),
(10, 'Backend Developer', 'Bachelor\'s degree in Computer Science or related field. Proficiency in server-side languages such as Node.js, Ruby, or Java. Experience with databases.', 'Develop and maintain backend services, ensure system scalability and performance, and collaborate with frontend developers.'),
(11, 'Manufacturing Supervisor', 'Bachelor\'s degree in Manufacturing or related field. 5+ years of experience in a manufacturing environment. Strong leadership skills.', 'Supervise manufacturing processes, manage production schedules, ensure quality standards, and lead a team of production workers.'),
(12, 'Logistics Coordinator', 'Bachelor\'s degree in Supply Chain Management or related field. Strong organizational and problem-solving skills. Experience with logistics software.', 'Coordinate the movement of goods, manage inventory, optimize supply chain processes, and liaise with suppliers and customers.'),
(13, 'Telecommunications Specialist', 'Bachelor\'s degree in Telecommunications or related field. Experience with network infrastructure and communication systems.', 'Design, implement, and maintain telecommunications systems, troubleshoot issues, and ensure reliable communication services.'),
(14, 'Construction Project Manager', 'Bachelor\'s degree in Construction Management or related field. 5+ years of project management experience. Strong leadership and organizational skills.', 'Plan, execute, and oversee construction projects, manage budgets and timelines, and coordinate with contractors and stakeholders.'),
(15, 'Media Content Creator', 'Bachelor\'s degree in Media, Communications, or related field. Experience with digital media production and content creation.', 'Develop and produce engaging media content, manage social media channels, and collaborate with marketing teams to enhance brand presence.'),
(16, 'Business Consultant', 'Bachelor\'s degree in Business Administration or related field. Strong analytical and problem-solving skills. Experience in consulting preferred.', 'Provide strategic advice to businesses, analyze operational processes, and recommend improvements to enhance performance and efficiency.'),
(17, 'Transportation Planner', 'Bachelor\'s degree in Urban Planning or related field. Experience with transportation systems and planning software.', 'Develop transportation plans, analyze traffic patterns, collaborate with government agencies, and implement sustainable transportation solutions.'),
(18, 'Security Analyst', 'Bachelor\'s degree in Information Security or related field. Knowledge of cybersecurity principles and practices. Experience with security tools.', 'Monitor and protect information systems, conduct security assessments, respond to security incidents, and implement security measures.'),
(19, 'Hospitality Manager', 'Bachelor\'s degree in Hospitality Management or related field. 3+ years of management experience in hospitality. Excellent customer service skills.', 'Oversee daily operations of hospitality establishments, manage staff, ensure guest satisfaction, and handle financial responsibilities.'),
(20, 'Electronics Engineer', 'Bachelor\'s degree in Electrical Engineering or related field. Experience with electronic design and circuit analysis. Proficiency in CAD software.', 'Design and develop electronic components and systems, conduct testing and troubleshooting, and collaborate with cross-functional teams.'),
(21, 'Health Information Manager', 'Bachelor\'s degree in Health Information Management or related field. Knowledge of medical coding and healthcare regulations.', 'Manage patient health information systems, ensure data accuracy and security, and oversee information management processes.'),
(22, 'Real Estate Agent', 'High school diploma or equivalent. Real estate license required. Strong sales and negotiation skills.', 'Assist clients in buying, selling, and renting properties, conduct market research, and facilitate real estate transactions.'),
(23, 'Cybersecurity Engineer', 'Bachelor\'s degree in Computer Science or related field. Experience with network security and threat analysis.', 'Design and implement security systems, monitor for security breaches, and develop strategies to protect against cyber threats.'),
(24, 'Airline Operations Manager', 'Bachelor\'s degree in Aviation Management or related field. Experience in airline operations. Strong organizational skills.', 'Manage airline operations, coordinate flight schedules, oversee ground services, and ensure compliance with aviation regulations.'),
(25, 'Food Safety Specialist', 'Bachelor\'s degree in Food Science or related field. Knowledge of food safety regulations and standards.', 'Ensure compliance with food safety standards, conduct inspections, and implement quality control measures in food production.'),
(26, 'Graphic Designer', 'Bachelor\'s degree in Graphic Design or related field. Proficiency in design software such as Adobe Creative Suite.', 'Create visual content for marketing materials, websites, and advertisements, collaborate with creative teams, and ensure brand consistency.'),
(27, 'Solar Energy Technician', 'Associate\'s degree in Renewable Energy or related field. Experience with solar panel installation and maintenance.', 'Install and maintain solar energy systems, conduct site assessments, and ensure optimal performance of solar installations.'),
(28, 'Construction Estimator', 'Bachelor\'s degree in Construction Management or related field. Strong mathematical and analytical skills.', 'Prepare cost estimates for construction projects, analyze material and labor costs, and assist in budgeting and financial planning.'),
(29, 'Real Estate Developer', 'Bachelor\'s degree in Real Estate, Business, or related field. Experience in property development and project management.', 'Identify and acquire properties for development, manage construction projects, and oversee the marketing and sales of developed properties.'),
(30, 'Data Analyst', 'Bachelor\'s degree in Data Science, Statistics, or related field. Proficiency in data analysis tools and programming languages.', 'Analyze and interpret complex data sets, create data visualizations, and provide insights to support business decision-making.'),
(31, 'Financial Planner', 'Bachelor\'s degree in Finance or related field. Certified Financial Planner (CFP) designation preferred.', 'Develop financial plans for clients, provide investment advice, and help clients achieve their financial goals.'),
(32, 'Healthcare Administrator', 'Bachelor\'s degree in Healthcare Administration or related field. Experience in healthcare management.', 'Manage healthcare facilities, oversee administrative operations, ensure compliance with healthcare regulations, and improve service delivery.'),
(33, 'Marketing Manager', 'Bachelor\'s degree in Marketing or related field. 5+ years of marketing experience. Strong leadership and strategic planning skills.', 'Develop and implement marketing strategies, manage marketing campaigns, oversee marketing teams, and analyze market trends.'),
(34, 'Technical Support Specialist', 'Bachelor\'s degree in Information Technology or related field. Experience in technical support and troubleshooting.', 'Provide technical assistance to customers, resolve software and hardware issues, and ensure customer satisfaction.'),
(35, 'Transportation Manager', 'Bachelor\'s degree in Logistics, Supply Chain Management, or related field. Experience in transportation management.', 'Oversee transportation operations, manage logistics staff, optimize transportation routes, and ensure timely delivery of goods.'),
(36, 'Environmental Consultant', 'Bachelor\'s degree in Environmental Science or related field. Knowledge of environmental regulations and sustainability practices.', 'Advise organizations on environmental best practices, conduct environmental impact assessments, and develop sustainability initiatives.'),
(37, 'Investment Analyst', 'Bachelor\'s degree in Finance, Economics, or related field. Strong analytical skills and knowledge of financial markets.', 'Analyze investment opportunities, assess portfolio performance, and provide recommendations to optimize investment strategies.'),
(38, 'Systems Integration Engineer', 'Bachelor\'s degree in Computer Science or related field. Experience with systems integration and software development.', 'Integrate various software and hardware systems, ensure seamless communication between components, and troubleshoot integration issues.'),
(39, 'Healthcare Technician', 'Associate\'s degree in Health Technology or related field. Experience with medical equipment and healthcare procedures.', 'Assist healthcare professionals, maintain medical equipment, and ensure efficient operation of healthcare services.'),
(40, 'Customer Success Manager', 'Bachelor\'s degree in Business or related field. Strong communication and customer service skills. Experience in customer success or account management.', 'Ensure customer satisfaction, manage client relationships, provide support and guidance, and drive customer retention and growth.');

INSERT INTO `Student` (`Name`, `Major`, `Interests`, `Program`, `Profile_Status`) VALUES
('Emma Johnson', 'Computer Science', 'Artificial Intelligence, Machine Learning, Robotics', 'Bachelor of Science in Computer Science', 1),
('Liam Smith', 'Business Administration', 'Entrepreneurship, Marketing, Finance', 'Bachelor of Business Administration', 1),
('Olivia Williams', 'Biology', 'Genetics, Marine Biology, Conservation', 'Bachelor of Science in Biology', 1),
('Noah Brown', 'Mechanical Engineering', 'Automotive Design, Thermodynamics, CAD', 'Bachelor of Engineering in Mechanical Engineering', 1),
('Ava Jones', 'Psychology', 'Cognitive Psychology, Behavioral Studies, Neuroscience', 'Bachelor of Arts in Psychology', 1),
('William Garcia', 'Economics', 'Microeconomics, Macroeconomics, Econometrics', 'Bachelor of Science in Economics', 1),
('Sophia Martinez', 'English Literature', 'Creative Writing, Literary Analysis, Poetry', 'Bachelor of Arts in English Literature', 1),
('James Rodriguez', 'Electrical Engineering', 'Circuit Design, Renewable Energy, Signal Processing', 'Bachelor of Engineering in Electrical Engineering', 1),
('Isabella Davis', 'Chemistry', 'Organic Chemistry, Analytical Chemistry, Biochemistry', 'Bachelor of Science in Chemistry', 1),
('Benjamin Hernandez', 'Political Science', 'International Relations, Public Policy, Political Theory', 'Bachelor of Arts in Political Science', 1),
('Mia Lopez', 'Art History', 'Renaissance Art, Modern Art, Museum Studies', 'Bachelor of Arts in Art History', 1),
('Lucas Gonzalez', 'Information Technology', 'Cybersecurity, Network Administration, Cloud Computing', 'Bachelor of Science in Information Technology', 1),
('Charlotte Wilson', 'Sociology', 'Social Research, Criminology, Urban Studies', 'Bachelor of Arts in Sociology', 1),
('Henry Anderson', 'Finance', 'Investment Banking, Financial Modeling, Risk Management', 'Bachelor of Science in Finance', 1),
('Amelia Thomas', 'Environmental Science', 'Sustainability, Climate Change, Ecology', 'Bachelor of Science in Environmental Science', 1),
('Alexander Taylor', 'Mathematics', 'Applied Mathematics, Statistics, Computational Mathematics', 'Bachelor of Science in Mathematics', 1),
('Evelyn Moore', 'Philosophy', 'Ethics, Metaphysics, Logic', 'Bachelor of Arts in Philosophy', 1),
('Daniel Jackson', 'Civil Engineering', 'Structural Engineering, Urban Planning, Construction Management', 'Bachelor of Engineering in Civil Engineering', 1),
('Harper Martin', 'Biotechnology', 'Genetic Engineering, Pharmaceutical Development, Bioinformatics', 'Bachelor of Science in Biotechnology', 1),
('Matthew Lee', 'Marketing', 'Digital Marketing, Consumer Behavior, Brand Management', 'Bachelor of Business Administration in Marketing', 1),
('Abigail Perez', 'History', 'Ancient Civilizations, Modern History, Historical Research', 'Bachelor of Arts in History', 1),
('Joseph Thompson', 'Physics', 'Quantum Mechanics, Astrophysics, Particle Physics', 'Bachelor of Science in Physics', 1),
('Emily White', 'Graphic Design', 'Visual Communication, Typography, Digital Illustration', 'Bachelor of Fine Arts in Graphic Design', 1),
('Samuel Harris', 'Accounting', 'Financial Reporting, Auditing, Taxation', 'Bachelor of Science in Accounting', 1),
('Ella Sanchez', 'Education', 'Curriculum Development, Educational Psychology, Teaching Methods', 'Bachelor of Education', 1),
('David Clark', 'Software Engineering', 'Full-Stack Development, DevOps, Software Architecture', 'Bachelor of Science in Software Engineering', 1),
('Grace Lewis', 'Anthropology', 'Cultural Anthropology, Archaeology, Ethnography', 'Bachelor of Arts in Anthropology', 1),
('Andrew Robinson', 'Nursing', 'Patient Care, Clinical Research, Healthcare Management', 'Bachelor of Science in Nursing', 1),
('Chloe Walker', 'Public Health', 'Epidemiology, Health Policy, Community Health', 'Bachelor of Science in Public Health', 1),
('Joshua Young', 'International Business', 'Global Markets, Cross-Cultural Management, Trade Policy', 'Bachelor of Business Administration in International Business', 1),
('Lily King', 'Media Studies', 'Journalism, Broadcasting, Media Production', 'Bachelor of Arts in Media Studies', 1),
('Christopher Wright', 'Agricultural Science', 'Crop Management, Sustainable Agriculture, Agribusiness', 'Bachelor of Science in Agricultural Science', 1),
('Victoria Scott', 'Linguistics', 'Language Acquisition, Sociolinguistics, Computational Linguistics', 'Bachelor of Arts in Linguistics', 1),
('Daniel Green', 'Statistics', 'Data Analysis, Probability Theory, Statistical Modeling', 'Bachelor of Science in Statistics', 1),
('Sofia Adams', 'Music', 'Performance, Music Theory, Composition', 'Bachelor of Music', 1),
('Michael Baker', 'Architecture', 'Urban Design, Sustainable Architecture, Building Technology', 'Bachelor of Architecture', 1),
('Avery Nelson', 'Theater Arts', 'Acting, Directing, Stage Management', 'Bachelor of Fine Arts in Theater Arts', 1),
('Elijah Hill', 'Biomedical Engineering', 'Medical Device Design, Biomechanics, Biomaterials', 'Bachelor of Engineering in Biomedical Engineering', 1),
('Scarlett Rivera', 'Economics', 'Development Economics, Behavioral Economics, Econometrics', 'Bachelor of Science in Economics', 1),
('James Campbell', 'Chemistry', 'Physical Chemistry, Inorganic Chemistry, Materials Science', 'Bachelor of Science in Chemistry', 1),
('Madison Mitchell', 'Computer Engineering', 'Embedded Systems, VLSI Design, Computer Architecture', 'Bachelor of Engineering in Computer Engineering', 1),
('Logan Carter', 'Geology', 'Petrology, Seismology, Mineralogy', 'Bachelor of Science in Geology', 1),
('Aria Roberts', 'Film Studies', 'Film Production, Film Theory, Cinematography', 'Bachelor of Arts in Film Studies', 1),
('Jackson Turner', 'Information Systems', 'Database Management, Systems Analysis, IT Strategy', 'Bachelor of Science in Information Systems', 1),
('Zoe Phillips', 'Marketing', 'Market Research, Digital Strategy, Content Marketing', 'Bachelor of Business Administration in Marketing', 1);

INSERT INTO `Admin` (`Name`, `Contact_Info`) VALUES
('Alice Thompson', 'alice.thompson@university.edu'),
('Bob Martinez', 'bob.martinez@university.edu'),
('Carol Nguyen', 'carol.nguyen@university.edu'),
('David Lee', 'david.lee@university.edu'),
('Evelyn Clark', 'evelyn.clark@university.edu'),
('Frank Harris', 'frank.harris@university.edu'),
('Grace Lewis', 'grace.lewis@university.edu'),
('Henry Walker', 'henry.walker@university.edu'),
('Isabella Hall', 'isabella.hall@university.edu'),
('Jack Young', 'jack.young@university.edu'),
('Karen King', 'karen.king@university.edu'),
('Larry Scott', 'larry.scott@university.edu'),
('Mia Green', 'mia.green@university.edu'),
('Nathan Baker', 'nathan.baker@university.edu'),
('Olivia Adams', 'olivia.adams@university.edu'),
('Paul Nelson', 'paul.nelson@university.edu'),
('Quincy Carter', 'quincy.carter@university.edu'),
('Rachel Mitchell', 'rachel.mitchell@university.edu'),
('Samuel Roberts', 'samuel.roberts@university.edu'),
('Tina Turner', 'tina.turner@university.edu'),
('Uma Phillips', 'uma.phillips@university.edu'),
('Victor Campbell', 'victor.campbell@university.edu'),
('Wendy Parker', 'wendy.parker@university.edu'),
('Xavier Evans', 'xavier.evans@university.edu'),
('Yvonne Edwards', 'yvonne.edwards@university.edu'),
('Zachary Collins', 'zachary.collins@university.edu'),
('Amber Stewart', 'amber.stewart@university.edu'),
('Brian Sanchez', 'brian.sanchez@university.edu'),
('Catherine Morris', 'catherine.morris@university.edu'),
('Derek Rogers', 'derek.rogers@university.edu'),
('Ella Reed', 'ella.reed@university.edu'),
('Felix Cook', 'felix.cook@university.edu'),
('Georgia Morgan', 'georgia.morgan@university.edu'),
('Harold Bell', 'harold.bell@university.edu'),
('Ivy Murphy', 'ivy.murphy@university.edu'),
('Jacob Bailey', 'jacob.bailey@university.edu'),
('Kylie Rivera', 'kylie.rivera@university.edu'),
('Leonard Cooper', 'leonard.cooper@university.edu'),
('Madeline Richardson', 'madeline.richardson@university.edu'),
('Noelle Cox', 'noelle.cox@university.edu'),
('Owen Howard', 'owen.howard@university.edu');

INSERT INTO `Program_Director` (`Name`, `Contact_Info`) VALUES
('Laura Barnes', 'laura.barnes@university.edu'),
('Michael Foster', 'michael.foster@university.edu'),
('Natalie Gray', 'natalie.gray@university.edu'),
('Oscar Hughes', 'oscar.hughes@university.edu'),
('Paula Jenkins', 'paula.jenkins@university.edu'),
('Quentin Kelly', 'quentin.kelly@university.edu'),
('Rebecca Long', 'rebecca.long@university.edu'),
('Steven Murphy', 'steven.murphy@university.edu'),
('Theresa Nguyen', 'theresa.nguyen@university.edu'),
('Ulysses Ortiz', 'ulysses.ortiz@university.edu'),
('Vanessa Perez', 'vanessa.perez@university.edu'),
('Walter Quinn', 'walter.quinn@university.edu'),
('Ximena Ramirez', 'ximena.ramirez@university.edu'),
('Yusuf Sanders', 'yusuf.sanders@university.edu'),
('Zoe Sullivan', 'zoe.sullivan@university.edu'),
('Aaron Taylor', 'aaron.taylor@university.edu'),
('Bethany Underwood', 'bethany.underwood@university.edu'),
('Calvin Vance', 'calvin.vance@university.edu'),
('Denise Ward', 'denise.ward@university.edu'),
('Ethan Young', 'ethan.young@university.edu'),
('Fiona Zimmerman', 'fiona.zimmerman@university.edu'),
('George Allen', 'george.allen@university.edu'),
('Hannah Baker', 'hannah.baker@university.edu'),
('Ian Campbell', 'ian.campbell@university.edu'),
('Julia Davis', 'julia.davis@university.edu'),
('Kevin Edwards', 'kevin.edwards@university.edu'),
('Linda Flores', 'linda.flores@university.edu'),
('Mark Garcia', 'mark.garcia@university.edu'),
('Nora Harris', 'nora.harris@university.edu'),
('Omar Ingram', 'omar.ingram@university.edu'),
('Pamela Jackson', 'pamela.jackson@university.edu'),
('Quincy Knight', 'quincy.knight@university.edu'),
('Ruth Lee', 'ruth.lee@university.edu'),
('Simon Martinez', 'simon.martinez@university.edu'),
('Tracy Nelson', 'tracy.nelson@university.edu'),
('Uma Owens', 'uma.owens@university.edu'),
('Victor Peterson', 'victor.peterson@university.edu'),
('Wanda Quinn', 'wanda.quinn@university.edu'),
('Xavier Ross', 'xavier.ross@university.edu'),
('Yara Stevens', 'yara.stevens@university.edu'),
('Zane Turner', 'zane.turner@university.edu');

INSERT INTO `Career_Advisor` (`Name`, `Contact_Info`, `Student_ID`) VALUES
('Dr. Emily Thompson', 'emily.thompson@university.edu', 1),
('Mr. Jacob Martinez', 'jacob.martinez@university.edu', 2),
('Ms. Sophia Nguyen', 'sophia.nguyen@university.edu', 3),
('Dr. Michael Lee', 'michael.lee@university.edu', 4),
('Ms. Olivia Clark', 'olivia.clark@university.edu', 5),
('Mr. William Harris', 'william.harris@university.edu', 6),
('Dr. Isabella Lewis', 'isabella.lewis@university.edu', 7),
('Ms. James Walker', 'james.walker@university.edu', 8),
('Mr. Ava Hall', 'ava.hall@university.edu', 9),
('Dr. Benjamin Young', 'benjamin.young@university.edu', 10),
('Ms. Mia King', 'mia.king@university.edu', 11),
('Mr. Lucas Scott', 'lucas.scott@university.edu', 12),
('Dr. Charlotte Green', 'charlotte.green@university.edu', 13),
('Ms. Henry Baker', 'henry.baker@university.edu', 14),
('Mr. Amelia Adams', 'amelia.adams@university.edu', 15),
('Dr. Alexander Nelson', 'alexander.nelson@university.edu', 16),
('Ms. Evelyn Perez', 'evelyn.perez@university.edu', 17),
('Mr. Daniel Thompson', 'daniel.thompson@university.edu', 18),
('Dr. Harper Martinez', 'harper.martinez@university.edu', 19),
('Ms. Matthew Lee', 'matthew.lee@university.edu', 20),
('Mr. Abigail Clark', 'abigail.clark@university.edu', 21),
('Dr. Joseph Lewis', 'joseph.lewis@university.edu', 22),
('Ms. Emily Walker', 'emily.walker@university.edu', 23),
('Mr. Samuel Hall', 'samuel.hall@university.edu', 24),
('Dr. Sofia Young', 'sofia.young@university.edu', 25),
('Ms. Daniel King', 'daniel.king@university.edu', 26),
('Mr. Grace Scott', 'grace.scott@university.edu', 27),
('Dr. Andrew Green', 'andrew.green@university.edu', 28),
('Ms. Chloe Baker', 'chloe.baker@university.edu', 29),
('Mr. Christopher Adams', 'christopher.adams@university.edu', 30),
('Dr. Victoria Nelson', 'victoria.nelson@university.edu', 31),
('Ms. Michael Perez', 'michael.perez@university.edu', 32),
('Mr. Avery Thompson', 'avery.thompson@university.edu', 33),
('Dr. Elijah Martinez', 'elijah.martinez@university.edu', 34),
('Ms. Scarlett Lee', 'scarlett.lee@university.edu', 35),
('Mr. Zachary Clark', 'zachary.clark@university.edu', 36),
('Dr. Nora Lewis', 'nora.lewis@university.edu', 37),
('Ms. Liam Walker', 'liam.walker@university.edu', 38),
('Mr. Zoe Hall', 'zoe.hall@university.edu', 39),
('Dr. Ethan Young', 'ethan.young@university.edu', 40);

INSERT INTO `Coop_Application` (`Student_ID`, `Position_ID`, `Employer_ID`, `Status`, `Submission_Date`) VALUES
(1, 5, 10, 1, '2023-11-15'),
(2, 12, 8, 1, '2023-08-22'),
(3, 7, 3, 0, '2023-09-10'),
(4, 20, 15, 1, '2023-07-05'),
(5, 1, 1, 1, '2023-06-18'),
(6, 14, 22, 1, '2023-12-01'),
(7, 9, 5, 0, '2023-10-30'),
(8, 25, 18, 1, '2023-04-12'),
(9, 18, 16, 1, '2023-03-25'),
(10, 30, 20, 0, '2023-05-14'),
(11, 3, 7, 1, '2023-02-28'),
(12, 22, 12, 1, '2023-01-19'),
(13, 16, 25, 1, '2023-11-02'),
(14, 27, 30, 1, '2023-09-08'),
(15, 35, 40, 0, '2023-10-15'),
(16, 8, 11, 1, '2023-06-07'),
(17, 19, 19, 1, '2023-07-23'),
(18, 4, 4, 1, '2023-05-30'),
(19, 28, 26, 0, '2023-03-11'),
(20, 32, 28, 1, '2023-08-05'),
(21, 11, 13, 1, '2023-02-20'),
(22, 21, 17, 1, '2023-04-25'),
(23, 17, 9, 1, '2023-07-17'),
(24, 10, 6, 0, '2023-10-02'),
(25, 29, 24, 1, '2023-12-10'),
(26, 13, 2, 1, '2023-09-19'),
(27, 34, 23, 1, '2023-11-30'),
(28, 6, 14, 1, '2023-05-09'),
(29, 23, 21, 1, '2023-08-16'),
(30, 36, 19, 0, '2023-04-03'),
(31, 38, 29, 1, '2023-07-28'),
(32, 39, 35, 1, '2023-02-14'),
(33, 26, 10, 1, '2023-03-07'),
(34, 31, 33, 1, '2023-06-22'),
(35, 24, 27, 0, '2023-10-25'),
(36, 33, 32, 1, '2023-01-30'),
(37, 37, 34, 1, '2023-12-05'),
(38, 40, 36, 1, '2023-11-09'),
(39, 15, 28, 1, '2023-05-18'),
(40, 2, 19, 0, '2023-07-12');

INSERT INTO `Recommendation` (`Student_ID`, `Position_ID`, `Advisor_ID`, `Content`) VALUES
(1, 5, 1, 'Emma has demonstrated exceptional skills in computer science and is highly recommended for this position.'),
(2, 12, 2, 'Liam possesses strong analytical abilities and would be a great fit for the logistics coordinator role.'),
(3, 7, 3, 'Olivia is a dedicated student with a passion for teaching, making her ideal for the admissions counselor position.'),
(4, 20, 4, 'Noah has a solid background in mechanical engineering and would excel in the manufacturing supervisor role.'),
(5, 1, 5, 'Ava is highly motivated and has the necessary skills for the software engineer position.'),
(6, 14, 6, 'William has excellent financial analysis skills and is well-suited for the financial analyst role.'),
(7, 9, 7, 'Sophia is creative and detail-oriented, making her a perfect candidate for the media content creator position.'),
(8, 25, 8, 'James has a strong foundation in electrical engineering and is recommended for the telecommunications specialist role.'),
(9, 18, 9, 'Isabella is proactive and has the technical expertise required for the cybersecurity engineer position.'),
(10, 30, 10, 'Benjamin has a keen interest in data analysis and is ideal for the data analyst role.'),
(11, 3, 11, 'Mia is a passionate educator with excellent communication skills, suitable for the education program.'),
(12, 22, 12, 'Lucas has a strong background in IT and is recommended for the information systems position.'),
(13, 16, 13, 'Charlotte is highly organized and would excel as a business consultant.'),
(14, 27, 14, 'Henry has a solid understanding of accounting principles, making him ideal for the accounting specialist role.'),
(15, 35, 15, 'Amelia is committed to sustainability and is recommended for the environmental consultant position.'),
(16, 8, 16, 'Alexander has demonstrated excellent leadership skills, making him suitable for the civil engineering role.'),
(17, 19, 17, 'Evelyn is a dedicated healthcare professional, ideal for the healthcare administrator position.'),
(18, 4, 18, 'Daniel has a strong work ethic and is recommended for the registered nurse role.'),
(19, 28, 19, 'Harper is a skilled biotechnology student, making her perfect for the biomedical engineering position.'),
(20, 32, 20, 'Matthew has a deep understanding of marketing strategies, suitable for the marketing manager role.'),
(21, 11, 21, 'Abigail is a diligent student with a passion for history, recommended for the history researcher position.'),
(22, 21, 22, 'Joseph has excellent problem-solving skills, making him ideal for the physics research assistant role.'),
(23, 17, 23, 'Emily is a talented graphic designer, perfect for the graphic design position.'),
(24, 10, 24, 'Samuel has strong financial reporting skills, suitable for the financial planner role.'),
(25, 29, 25, 'Ella is a dedicated educator with a focus on curriculum development, ideal for the education coordinator position.'),
(26, 13, 26, 'David is a proficient software engineer, recommended for the backend developer role.'),
(27, 34, 27, 'Grace has a deep interest in anthropology, making her perfect for the cultural research position.'),
(28, 6, 28, 'Andrew is a compassionate nursing student, suitable for the healthcare technician role.'),
(29, 23, 29, 'Chloe has a strong background in public health, recommended for the epidemiology analyst position.'),
(30, 36, 30, 'Joshua is a skilled international business student, making him ideal for the global markets position.'),
(31, 37, 31, 'Lily has a passion for media studies, suitable for the media production role.'),
(32, 38, 32, 'Christopher is a dedicated agricultural science student, recommended for the agribusiness position.'),
(33, 26, 33, 'Victoria has a strong grasp of linguistics, making her perfect for the computational linguistics role.'),
(34, 31, 34, 'Daniel is a talented statistician, suitable for the statistical modeling position.'),
(35, 24, 35, 'Sofia is a gifted musician, recommended for the performance and composition role.'),
(36, 33, 36, 'Michael is an innovative architect, ideal for the sustainable architecture position.'),
(37, 37, 37, 'Avery is a creative theater arts student, suitable for the stage management role.'),
(38, 39, 38, 'Elijah has a strong background in biomedical engineering, recommended for the medical device design position.'),
(39, 40, 39, 'Scarlett is an exceptional economist, making her perfect for the development economics role.'),
(40, 2, 40, 'James is a skilled chemist, suitable for the materials science position.');

INSERT INTO `Backup_Schedule` (`Admin_ID`, `Frequency`, `Last_Backup_Date`) VALUES
(1, 'Daily', '2024-11-30 02:00:00'),
(2, 'Weekly', '2024-11-25 03:00:00'),
(3, 'Monthly', '2024-11-01 04:00:00'),
(4, 'Daily', '2024-11-30 02:30:00'),
(5, 'Weekly', '2024-11-24 03:30:00'),
(6, 'Monthly', '2024-11-02 04:30:00'),
(7, 'Daily', '2024-11-30 02:45:00'),
(8, 'Weekly', '2024-11-23 03:45:00'),
(9, 'Monthly', '2024-11-03 04:45:00'),
(10, 'Daily', '2024-11-30 02:15:00'),
(11, 'Weekly', '2024-11-22 03:15:00'),
(12, 'Monthly', '2024-11-04 04:15:00'),
(13, 'Daily', '2024-11-30 02:50:00'),
(14, 'Weekly', '2024-11-21 03:50:00'),
(15, 'Monthly', '2024-11-05 04:50:00'),
(16, 'Daily', '2024-11-30 02:10:00'),
(17, 'Weekly', '2024-11-20 03:10:00'),
(18, 'Monthly', '2024-11-06 04:10:00'),
(19, 'Daily', '2024-11-30 02:25:00'),
(20, 'Weekly', '2024-11-19 03:25:00'),
(21, 'Monthly', '2024-11-07 04:25:00'),
(22, 'Daily', '2024-11-30 02:35:00'),
(23, 'Weekly', '2024-11-18 03:35:00'),
(24, 'Monthly', '2024-11-08 04:35:00'),
(25, 'Daily', '2024-11-30 02:55:00'),
(26, 'Weekly', '2024-11-17 03:55:00'),
(27, 'Monthly', '2024-11-09 04:55:00'),
(28, 'Daily', '2024-11-30 02:05:00'),
(29, 'Weekly', '2024-11-16 03:05:00'),
(30, 'Monthly', '2024-11-10 04:05:00'),
(31, 'Daily', '2024-11-30 02:20:00'),
(32, 'Weekly', '2024-11-15 03:20:00'),
(33, 'Monthly', '2024-11-11 04:20:00'),
(34, 'Daily', '2024-11-30 02:40:00'),
(35, 'Weekly', '2024-11-14 03:40:00'),
(36, 'Monthly', '2024-11-12 04:40:00'),
(37, 'Daily', '2024-11-30 02:30:00'),
(38, 'Weekly', '2024-11-13 03:30:00'),
(39, 'Monthly', '2024-11-13 04:30:00'),
(40, 'Daily', '2024-11-30 02:35:00');

INSERT INTO `System_Logs` (`Admin_ID`, `Event_Type`, `Message`, `Time_Stamp`) VALUES
(1, 'Login', 'Admin Alice Thompson logged in.', '2024-11-25 08:15:00'),
(2, 'Backup', 'Backup completed successfully.', '2024-11-24 02:00:00'),
(3, 'Data Entry', 'New student record added.', '2024-11-23 09:30:00'),
(4, 'Report Generation', 'Monthly report generated.', '2024-11-22 10:45:00'),
(5, 'Logout', 'Admin Evelyn Clark logged out.', '2024-11-21 17:20:00'),
(6, 'Login', 'Admin Frank Harris logged in.', '2024-11-20 08:00:00'),
(7, 'Data Entry', 'Job position updated.', '2024-11-19 11:10:00'),
(8, 'Backup', 'Backup completed successfully.', '2024-11-18 02:15:00'),
(9, 'Login', 'Admin Isabella Hall logged in.', '2024-11-17 08:25:00'),
(10, 'Logout', 'Admin Jack Young logged out.', '2024-11-16 18:05:00'),
(11, 'Report Generation', 'Weekly report generated.', '2024-11-15 14:30:00'),
(12, 'Login', 'Admin Karen King logged in.', '2024-11-14 07:50:00'),
(13, 'Data Entry', 'New employer added.', '2024-11-13 12:40:00'),
(14, 'Backup', 'Backup failed due to network issue.', '2024-11-12 02:30:00'),
(15, 'Login', 'Admin Larry Scott logged in.', '2024-11-11 09:00:00'),
(16, 'Logout', 'Admin Mia Green logged out.', '2024-11-10 16:45:00'),
(17, 'Data Entry', 'Student profile updated.', '2024-11-09 10:20:00'),
(18, 'Report Generation', 'Annual report generated.', '2024-11-08 15:35:00'),
(19, 'Login', 'Admin Nathan Baker logged in.', '2024-11-07 08:10:00'),
(20, 'Backup', 'Backup completed successfully.', '2024-11-06 02:45:00'),
(21, 'Data Entry', 'New program director assigned.', '2024-11-05 13:15:00'),
(22, 'Login', 'Admin Olivia Adams logged in.', '2024-11-04 07:55:00'),
(23, 'Logout', 'Admin Paul Nelson logged out.', '2024-11-03 17:50:00'),
(24, 'Report Generation', 'Quarterly report generated.', '2024-11-02 14:05:00'),
(25, 'Login', 'Admin Quincy Carter logged in.', '2024-11-01 08:30:00'),
(26, 'Data Entry', 'Career advisor updated.', '2024-10-31 11:25:00'),
(27, 'Backup', 'Backup completed successfully.', '2024-10-30 02:10:00'),
(28, 'Login', 'Admin Rachel Mitchell logged in.', '2024-10-29 08:45:00'),
(29, 'Logout', 'Admin Samuel Roberts logged out.', '2024-10-28 17:15:00'),
(30, 'Report Generation', 'Monthly report generated.', '2024-10-27 14:50:00'),
(31, 'Login', 'Admin Tina Turner logged in.', '2024-10-26 08:05:00'),
(32, 'Data Entry', 'Recommendation added.', '2024-10-25 12:30:00'),
(33, 'Backup', 'Backup failed due to disk space.', '2024-10-24 02:20:00'),
(34, 'Login', 'Admin Uma Phillips logged in.', '2024-10-23 09:40:00'),
(35, 'Logout', 'Admin Victor Campbell logged out.', '2024-10-22 18:25:00'),
(36, 'Data Entry', 'New admin account created.', '2024-10-21 10:55:00'),
(37, 'Report Generation', 'Weekly report generated.', '2024-10-20 15:10:00'),
(38, 'Login', 'Admin Wendy Parker logged in.', '2024-10-19 08:35:00'),
(39, 'Backup', 'Backup completed successfully.', '2024-10-18 02:05:00'),
(40, 'Data Entry', 'Employer feedback received.', '2024-10-17 13:45:00');

INSERT INTO `Reports` (`Admin_ID`, `Generated_Date`, `Content`, `Report_Type`) VALUES
(1, '2024-11-30 09:00:00', 'Monthly performance report detailing system usage and backup statuses.', 'Monthly'),
(2, '2024-11-25 10:30:00', 'Weekly report on new student applications and job postings.', 'Weekly'),
(3, '2024-11-20 11:45:00', 'Quarterly financial report including budget allocations and expenditures.', 'Quarterly'),
(4, '2024-11-15 14:20:00', 'Annual report summarizing all activities and system logs for the year.', 'Annual'),
(5, '2024-11-10 16:00:00', 'Monthly report on career advisor assignments and student progress.', 'Monthly'),
(6, '2024-11-05 09:15:00', 'Weekly report on backup schedules and any failures encountered.', 'Weekly'),
(7, '2024-11-01 10:45:00', 'Quarterly report on program metrics and director performance.', 'Quarterly'),
(8, '2024-10-27 11:30:00', 'Annual system log analysis and recommendations for improvements.', 'Annual'),
(9, '2024-10-22 14:50:00', 'Monthly report on employer feedback and job position performance.', 'Monthly'),
(10, '2024-10-17 16:20:00', 'Weekly report on resource allocations and program director activities.', 'Weekly'),
(11, '2024-10-12 09:35:00', 'Quarterly financial overview and budget recommendations.', 'Quarterly'),
(12, '2024-10-07 10:10:00', 'Annual review of all coop applications and their outcomes.', 'Annual'),
(13, '2024-10-02 14:25:00', 'Monthly report on system backups and data integrity checks.', 'Monthly'),
(14, '2024-09-27 16:40:00', 'Weekly report on student applications and advisor assignments.', 'Weekly'),
(15, '2024-09-22 09:55:00', 'Quarterly program metrics and performance evaluation.', 'Quarterly'),
(16, '2024-09-17 11:20:00', 'Annual system performance and scalability report.', 'Annual'),
(17, '2024-09-12 14:35:00', 'Monthly employer feedback and job market analysis.', 'Monthly'),
(18, '2024-09-07 16:50:00', 'Weekly resource allocation and program director updates.', 'Weekly'),
(19, '2024-09-02 09:10:00', 'Quarterly financial report with detailed budget analysis.', 'Quarterly'),
(20, '2024-08-28 10:25:00', 'Annual review of all system logs and security measures.', 'Annual'),
(21, '2024-08-23 14:40:00', 'Monthly report on career advisor effectiveness and student satisfaction.', 'Monthly'),
(22, '2024-08-18 16:55:00', 'Weekly report on backup schedules and system maintenance.', 'Weekly'),
(23, '2024-08-13 09:20:00', 'Quarterly report on program metrics and director performance.', 'Quarterly'),
(24, '2024-08-08 11:35:00', 'Annual report on employer feedback and job placement rates.', 'Annual'),
(25, '2024-08-03 14:50:00', 'Monthly resource allocation and program director activities.', 'Monthly'),
(26, '2024-07-29 16:05:00', 'Weekly financial report and budget tracking.', 'Weekly'),
(27, '2024-07-24 09:30:00', 'Quarterly system performance and backup efficiency.', 'Quarterly'),
(28, '2024-07-19 11:45:00', 'Annual analysis of coop applications and their success rates.', 'Annual'),
(29, '2024-07-14 14:00:00', 'Monthly report on career advisor assignments and student progress.', 'Monthly'),
(30, '2024-07-09 16:15:00', 'Weekly report on job position updates and employer engagements.', 'Weekly'),
(31, '2024-07-04 09:40:00', 'Quarterly financial overview and expenditure analysis.', 'Quarterly'),
(32, '2024-06-29 11:55:00', 'Annual system log compilation and security audit.', 'Annual'),
(33, '2024-06-24 14:10:00', 'Monthly employer feedback and job market trends.', 'Monthly'),
(34, '2024-06-19 16:25:00', 'Weekly resource allocation and program director performance.', 'Weekly'),
(35, '2024-06-14 09:50:00', 'Quarterly report on financial status and budget forecasts.', 'Quarterly'),
(36, '2024-06-09 12:05:00', 'Annual report on all system activities and backups.', 'Annual'),
(37, '2024-06-04 14:20:00', 'Monthly report on student applications and advisor assignments.', 'Monthly'),
(38, '2024-05-30 16:35:00', 'Weekly report on job positions and employer feedback.', 'Weekly'),
(39, '2024-05-25 09:00:00', 'Quarterly financial and budget report.', 'Quarterly'),
(40, '2024-05-20 11:15:00', 'Annual summary of system logs and backup operations.', 'Annual');

INSERT INTO `Program_Metrics` (`Director_ID`, `Metrics_Name`) VALUES
(1, 'Student Placement Rate'),
(2, 'Employer Satisfaction'),
(3, 'Program Completion Rate'),
(4, 'Average Internship Duration'),
(5, 'Job Offer Rate'),
(6, 'Student Retention Rate'),
(7, 'Employer Feedback Score'),
(8, 'Internship Diversity'),
(9, 'Student Satisfaction'),
(10, 'Program Growth Rate'),
(11, 'Alumni Success Rate'),
(12, 'Employer Engagement Level'),
(13, 'Internship Quality Score'),
(14, 'Student Skill Development'),
(15, 'Program Innovation Index'),
(16, 'Industry Partnership Growth'),
(17, 'Student Networking Opportunities'),
(18, 'Program Funding Efficiency'),
(19, 'Employer Repeat Participation'),
(20, 'Student Career Readiness'),
(21, 'Internship Placement Time'),
(22, 'Program Curriculum Relevance'),
(23, 'Student Feedback Incorporation'),
(24, 'Employer Diversity Participation'),
(25, 'Program Operational Efficiency'),
(26, 'Student Leadership Development'),
(27, 'Employer Training Satisfaction'),
(28, 'Program Technological Integration'),
(29, 'Student Project Success Rate'),
(30, 'Employer Training Effectiveness'),
(31, 'Program Resource Allocation'),
(32, 'Student Professional Development'),
(33, 'Employer Communication Efficiency'),
(34, 'Program Expansion Rate'),
(35, 'Student Internship Match Quality'),
(36, 'Employer Partnership Sustainability'),
(37, 'Program Accessibility'),
(38, 'Student Engagement Level'),
(39, 'Employer Recruitment Effectiveness'),
(40, 'Program Outcome Alignment');

INSERT INTO `Performance_Report` (`Director_ID`, `Summary`, `Date`) VALUES
(1, 'Summary of student placement rates and employer satisfaction levels for the past quarter.', '2024-11-15'),
(2, 'Analysis of program completion rates and internship durations.', '2024-10-20'),
(3, 'Overview of job offer rates and student retention statistics.', '2024-09-25'),
(4, 'Detailed report on employer feedback scores and internship diversity.', '2024-08-30'),
(5, 'Evaluation of student satisfaction and program growth metrics.', '2024-07-05'),
(6, 'Assessment of alumni success rates and employer engagement levels.', '2024-06-10'),
(7, 'Report on internship quality scores and student skill development.', '2024-05-15'),
(8, 'Metrics on program innovation index and industry partnership growth.', '2024-04-20'),
(9, 'Summary of student networking opportunities and program funding efficiency.', '2024-03-25'),
(10, 'Analysis of employer repeat participation and student career readiness.', '2024-02-28'),
(11, 'Overview of internship placement times and program curriculum relevance.', '2024-01-15'),
(12, 'Evaluation of student feedback incorporation and employer diversity participation.', '2023-12-20'),
(13, 'Report on program operational efficiency and student leadership development.', '2023-11-25'),
(14, 'Assessment of employer training satisfaction and program technological integration.', '2023-10-30'),
(15, 'Metrics on student project success rates and employer training effectiveness.', '2023-09-05'),
(16, 'Summary of program resource allocation and student professional development.', '2023-08-10'),
(17, 'Analysis of employer communication efficiency and program expansion rate.', '2023-07-15'),
(18, 'Overview of student internship match quality and employer partnership sustainability.', '2023-06-20'),
(19, 'Evaluation of program accessibility and student engagement levels.', '2023-05-25'),
(20, 'Report on employer recruitment effectiveness and program outcome alignment.', '2023-04-30'),
(21, 'Summary of student placement rates and employer satisfaction for the recent semester.', '2023-03-05'),
(22, 'Analysis of program completion and internship durations for the past year.', '2023-02-10'),
(23, 'Overview of job offer rates and retention statistics.', '2023-01-15'),
(24, 'Evaluation of employer feedback and internship diversity.', '2022-12-20'),
(25, 'Assessment of student satisfaction and program growth.', '2022-11-25'),
(26, 'Report on alumni success and employer engagement.', '2022-10-30'),
(27, 'Metrics on internship quality and student skill development.', '2022-09-05'),
(28, 'Summary of program innovation and partnership growth.', '2022-08-10'),
(29, 'Analysis of networking opportunities and funding efficiency.', '2022-07-15'),
(30, 'Overview of repeat participation and career readiness.', '2022-06-20'),
(31, 'Evaluation of placement times and curriculum relevance.', '2022-05-25'),
(32, 'Report on feedback incorporation and diversity participation.', '2022-04-30'),
(33, 'Assessment of operational efficiency and leadership development.', '2022-03-05'),
(34, 'Metrics on training satisfaction and technological integration.', '2022-02-10'),
(35, 'Summary of project success rates and training effectiveness.', '2022-01-15'),
(36, 'Analysis of resource allocation and professional development.', '2021-12-20'),
(37, 'Overview of communication efficiency and expansion rate.', '2021-11-25'),
(38, 'Evaluation of internship match quality and partnership sustainability.', '2021-10-30'),
(39, 'Report on program accessibility and engagement levels.', '2021-09-05'),
(40, 'Metrics on recruitment effectiveness and outcome alignment.', '2021-08-10');

INSERT INTO `Resource_Allocation` (`Director_ID`, `Resource_Type`) VALUES
(1, 'Funding'),
(2, 'Personnel'),
(3, 'Equipment'),
(4, 'Software'),
(5, 'Facilities'),
(6, 'Funding'),
(7, 'Personnel'),
(8, 'Equipment'),
(9, 'Software'),
(10, 'Facilities'),
(11, 'Funding'),
(12, 'Personnel'),
(13, 'Equipment'),
(14, 'Software'),
(15, 'Facilities'),
(16, 'Funding'),
(17, 'Personnel'),
(18, 'Equipment'),
(19, 'Software'),
(20, 'Facilities'),
(21, 'Funding'),
(22, 'Personnel'),
(23, 'Equipment'),
(24, 'Software'),
(25, 'Facilities'),
(26, 'Funding'),
(27, 'Personnel'),
(28, 'Equipment'),
(29, 'Software'),
(30, 'Facilities'),
(31, 'Funding'),
(32, 'Personnel'),
(33, 'Equipment'),
(34, 'Software'),
(35, 'Facilities'),
(36, 'Funding'),
(37, 'Personnel'),
(38, 'Equipment'),
(39, 'Software'),
(40, 'Facilities');

INSERT INTO `Employer_Feedback` (`Metrics_ID`, `Student_ID`, `Position_ID`, `Details`) VALUES
(1, 1, 5, 'Emma excelled in her role, demonstrating excellent technical skills and professionalism.'),
(2, 2, 12, 'Liam showed great dedication and problem-solving abilities during his internship.'),
(3, 3, 7, 'Olivia was a valuable team member with strong communication skills.'),
(4, 4, 20, 'Noah consistently met project deadlines and contributed innovative ideas.'),
(5, 5, 1, 'Ava is highly motivated and exceeds expectations in her technical assignments.'),
(6, 6, 14, 'William demonstrated strong analytical skills and attention to detail.'),
(7, 7, 9, 'Sophia is creative and brings a fresh perspective to media projects.'),
(8, 8, 25, 'James is proactive and highly skilled in electrical systems management.'),
(9, 9, 18, 'Isabella has a strong understanding of cybersecurity principles and practices.'),
(10, 10, 30, 'Benjamin is adept at data analysis and provides insightful reports.'),
(11, 11, 3, 'Mia is an excellent educator with a passion for teaching and student development.'),
(12, 12, 22, 'Lucas is proficient in IT systems and demonstrates strong problem-solving skills.'),
(13, 13, 16, 'Charlotte is highly organized and excels in consulting roles.'),
(14, 14, 27, 'Henry has a solid grasp of accounting principles and applies them effectively.'),
(15, 15, 35, 'Amelia is committed to sustainability and contributes valuable insights.'),
(16, 16, 8, 'Alexander demonstrates leadership and engineering expertise in his projects.'),
(17, 17, 19, 'Evelyn is a dedicated healthcare professional with excellent administrative skills.'),
(18, 18, 4, 'Daniel is a compassionate nurse with strong clinical skills.'),
(19, 19, 28, 'Harper is skilled in biotechnology applications and research.'),
(20, 20, 32, 'Matthew has a deep understanding of marketing strategies and executes them well.'),
(21, 21, 11, 'Abigail is diligent and passionate about historical research.'),
(22, 22, 21, 'Joseph is a problem-solver with strong physics knowledge.'),
(23, 23, 17, 'Emily is a talented graphic designer with a keen eye for detail.'),
(24, 24, 10, 'Samuel has strong financial reporting skills and attention to accuracy.'),
(25, 25, 29, 'Ella is a dedicated educator with excellent curriculum development skills.'),
(26, 26, 13, 'David is a proficient software engineer with a knack for backend development.'),
(27, 27, 34, 'Grace is deeply interested in anthropology and excels in cultural research.'),
(28, 28, 6, 'Andrew is a compassionate nurse with excellent patient care skills.'),
(29, 29, 23, 'Chloe has a strong background in public health and is highly analytical.'),
(30, 30, 36, 'Joshua is skilled in international business strategies and global markets.'),
(31, 31, 37, 'Lily is passionate about media production and demonstrates creativity.'),
(32, 32, 38, 'Christopher is dedicated to agricultural science and excels in agribusiness.'),
(33, 33, 26, 'Victoria has a strong grasp of linguistics and applies it effectively.'),
(34, 34, 31, 'Daniel is a talented statistician with expertise in data modeling.'),
(35, 35, 24, 'Sofia is a gifted musician with exceptional performance skills.'),
(36, 36, 33, 'Michael is an innovative architect with a focus on sustainable design.'),
(37, 37, 37, 'Avery is creative in theater arts and excels in stage management.'),
(38, 38, 39, 'Elijah has a strong background in biomedical engineering and medical device design.'),
(39, 39, 40, 'Scarlett is an exceptional economist with a focus on development economics.'),
(40, 40, 2, 'James is a skilled chemist with expertise in materials science.');